"Dev Web/Mobile","",active,6,../public/images/salle.jpeg
"Referent Digital","",active,6,../public/images/salle.jpeg
"AWS","",active,6,../public/images/salle.jpeg
"Hackeuse","",active,6,../public/images/salle.jpeg
"Developpement Data","",active,6,../public/images/salle.jpeg
"Dev Web/Mobile","",active,5,../public/images/salle.jpeg
"Referent Digital","",active,5,../public/images/salle.jpeg
"Developpement Data","",active,5,../public/images/salle.jpeg
"Dev Web/Mobile","",active,4,../public/images/salle.jpeg
"Referent Digital","",active,4,../public/images/salle.jpeg
"Developpement Data","",active,4,../public/images/salle.jpeg
"Dev Web/Mobile","",active,3,../public/images/salle.jpeg
"Referent Digital","",active,3,../public/images/salle.jpeg
"Data Artisant","",active,3,../public/images/salle.jpeg
"Dev Web/Mobile","",active,2,../public/images/salle.jpeg
"Referent Digital","",active,2,../public/images/salle.jpeg
"Data Artisant","",active,2,../public/images/salle.jpeg
"Dev Web/Mobile","",active,1,../public/images/salle.jpeg
"Referent Digital","",active,1,../public/images/salle.jpeg
"Data Artisant","",active,1,../public/images/salle.jpeg
"Cyber Securit√©","",desactive,2,../public/images/security-1.jpg

